{
    "psfex": {
        "HSM_resids": {
            "median_g": 0.04582810802599778,
            "median_e": 0.04582810802599778,
            "median_sigma": 0.0010718232393264766,
            "mean_sigma": 0.03712816366756504,
            "std_sigma": 0.18907359915663252
        },
        "ssim_resids": {
            "ssim": 0.6249368651933053,
            "median_ssim": 0.6171002963543939,
            "std_ssim": 0.2716634319572427,
            "nrmse": 0.7164015160606929,
            "std_nrmse": 0.31045691557515964,
            "title": "Median SSIM: 0.617\nMedian Norm. RMSE: 0.745"
        },
        "flux_resids": {
            "fwhm": "0.058210472848316965",
            "sigma": "0.8394314050674438",
            "mean_flux": "-0.9050144",
            "std_flux": "5.536372"
        },
        "chisq_resids": {
            "reduced_chi_square": 516.8285046978908,
            "mean_reduced_chi_sq": 3.9615132902031913,
            "std_reduced_chi_sq": 2845.6753290212073,
            "p_value": 0.0,
            "title": "reduced $\\chi^2_{dof} = $516.83\n$\\overline{\\chi^2_{dof}} = $3.96 $\\pm$ 2845.68"
        }
    }
}